{
  "n_samples": 47,
  "n_points": 2444,
  "plain_mae": 4.214375384115353,
  "weighted_mae": 4.199636097067146,
  "bias": 0.19604627375907085,
  "rmse": 5.838191758426515,
  "pearson_r": 0.5651964209637969,
  "r2": 0.3194469942704332,
  "slope": 0.3474881481434965,
  "per_eye_corr": 0.402360782072437,
  "per_sector": {
    "0": {
      "sector_id": 0,
      "sector": "Central-Superior",
      "mae": 4.014904067871418,
      "n_points": 188
    },
    "1": {
      "sector_id": 1,
      "sector": "Central-Inferior",
      "mae": 4.2199433002066105,
      "n_points": 188
    },
    "2": {
      "sector_id": 2,
      "sector": "Superonasal",
      "mae": 4.562748298818942,
      "n_points": 329
    },
    "3": {
      "sector_id": 3,
      "sector": "Superior-arcuate",
      "mae": 4.093805096250899,
      "n_points": 376
    },
    "4": {
      "sector_id": 4,
      "sector": "Inferonasal",
      "mae": 4.650683513165969,
      "n_points": 329
    },
    "5": {
      "sector_id": 5,
      "sector": "Inferior-arcuate",
      "mae": 3.722698428529374,
      "n_points": 376
    },
    "6": {
      "sector_id": 6,
      "sector": "Nasal-periphery",
      "mae": 4.622570162969278,
      "n_points": 282
    },
    "7": {
      "sector_id": 7,
      "sector": "Temporal-wedge",
      "mae": 3.9308323302167527,
      "n_points": 376
    }
  }
}