{
  "tag": "long_fix",
  "raw": {
    "mae": 3.7659885453198325,
    "floor": 7.6100512144690216,
    "floor_n": 2506,
    "deep": 6.859463953713637,
    "deep_n": 4905,
    "slope": 0.6620614415350174,
    "corr": 0.7446042416810797,
    "bias": 0.10379924835526175,
    "eyecorr": 0.539508753506381,
    "sig_ratio": 0.8891454058890107
  },
  "calib": {
    "mae": 3.9107486455175424,
    "floor": 7.355297735058505,
    "floor_n": 2506,
    "deep": 6.901798999931101,
    "deep_n": 4905,
    "slope": 0.7193026755958131,
    "corr": 0.7431276580296138,
    "bias": 0.1174611656886758,
    "eyecorr": 0.5388883678942045,
    "sig_ratio": 0.9679395819981965
  },
  "n": 631
}