{
  "tag": "long_smoke",
  "raw": {
    "mae": 3.6539282861140068,
    "floor": 7.239396578672787,
    "floor_n": 552,
    "deep": 6.8057547876333935,
    "deep_n": 940,
    "slope": 0.6892981905832455,
    "corr": 0.7987091024089821,
    "bias": 0.40348184755336214,
    "eyecorr": 0.5351660675114323,
    "sig_ratio": 0.8630153177192846
  },
  "calib": {
    "mae": 3.709936169247083,
    "floor": 7.068323168239398,
    "floor_n": 552,
    "deep": 6.793730363961763,
    "deep_n": 940,
    "slope": 0.7298605844613553,
    "corr": 0.7982907185324548,
    "bias": 0.4695899909707481,
    "eyecorr": 0.5349456899620597,
    "sig_ratio": 0.914279180087934
  },
  "n": 109
}