{
  "tag": "long_prior",
  "raw": {
    "mae": 3.75110515177011,
    "floor": 7.927747725352276,
    "floor_n": 2506,
    "deep": 7.107005634405684,
    "deep_n": 4905,
    "slope": 0.6546922932607381,
    "corr": 0.7411362067722478,
    "bias": 0.3218668774381147,
    "eyecorr": 0.5393235530731033,
    "sig_ratio": 0.8833629857088414
  },
  "calib": {
    "mae": 3.888298550150784,
    "floor": 7.63128472998191,
    "floor_n": 2506,
    "deep": 7.081548412866333,
    "deep_n": 4905,
    "slope": 0.7090895601455738,
    "corr": 0.7399647793396884,
    "bias": 0.18999590554535556,
    "eyecorr": 0.5387254141473987,
    "sig_ratio": 0.9582747436708287
  },
  "n": 631
}