{
  "tag": "long_global",
  "recipe": [
    "--weighting",
    "garway_heath",
    "--sector-combine",
    "sector_only",
    "--reweight",
    "value",
    "--lr",
    "8e-4",
    "--dropout",
    "0.2",
    "--weight-decay",
    "0.005",
    "--global-head"
  ],
  "raw": {
    "mae": 4.28968042512627,
    "floor": 9.740993216324595,
    "floor_n": 2506,
    "deep": 8.026231061859354,
    "deep_n": 4905,
    "slope": 0.47290587034279485,
    "corr": 0.6566886737819733,
    "bias": 0.07134087398733639,
    "eyecorr": 0.4472690401419021,
    "sig_ratio": 0.7201370887365429
  },
  "calib": {
    "mae": 4.53581693052975,
    "floor": 8.755490769063483,
    "floor_n": 2506,
    "deep": 8.05968440469543,
    "deep_n": 4905,
    "slope": 0.6368528293446635,
    "corr": 0.6559580599370997,
    "bias": 0.0442144300573619,
    "eyecorr": 0.4473162355083218,
    "sig_ratio": 0.9708743095539575
  },
  "n_eyes": 631
}