{
  "floor": 10.719376950889677,
  "overall_mae": 4.346329448330485,
  "deep": 9.00905593841201,
  "slope": 0.512494417771957,
  "bias": 0.17488812199829987,
  "method": "varmatch_calibration",
  "checkpoint": "/Users/oscarchung/Documents/Python Projects/Fundus-To-VF-Generation/decoder/results/champion/best_model.pth",
  "calibration": {
    "s": 1.0,
    "b": 1.686713177506841,
    "mu_pred": 21.29670726783598,
    "mu_true": 20.37259995055392,
    "sig_pred": 4.940716599057866,
    "sig_true": 8.333571810824816
  },
  "previous_floor": null,
  "timestamp": "2026-06-23T01:23:27"
}